,TotalKb,TotalPackets,InSatisfiedInterests,OutSatisfiedInterests,TotalNodes,TotalConsumers,TotalProducers,AverageAwarenessDistance,MinimumAwarenessDistance,MaximumAwarenessDistance,TotalInformed,TotalInformedBefore,TotalSafelyInformed,TotalInformedAfter
persistent-static,207885.134003664,702243.040961676,46.4911998349177,20.9999998719541,23.5,13,10.5,257.173076923077,44,429.25,13,13,9,0
persistent-mobile,209207.178486472,708618.724883215,32.7499993006078,16.9999997399039,23.5,13,10.5,271.788461538462,28.5,524,11,13,6.5,0
transient-static,211279.64742192,713031.395093422,35.9959838392317,16.499999867904,23.5,13,10.5,49.9423076923077,-788.25,418.75,11,11,7,2
transient-mobile,209207.178486472,708618.724883215,32.7499993006078,16.9999997399039,23.5,13,10.5,271.788461538462,28.5,524,11,13,6.5,0
