,TotalKb,TotalPackets,InSatisfiedInterests,OutSatisfiedInterests,TotalNodes,TotalConsumers,TotalProducers,AverageAwarenessDistance,MinimumAwarenessDistance,MaximumAwarenessDistance,TotalInformed,TotalInformedBefore,TotalSafelyInformed,TotalInformedAfter
persistent-static,207884.487874022,702341.368768198,47.2451967629176,20.9999967999573,23.5,13,10.5,250.826923076923,29,428,13,12.5,8.25,0.5
persistent-mobile,209175.151074745,708674.724873699,34.9999989166078,17.7499994839039,23.5,13,10.5,269.826923076923,28.5,524,11,13,6.5,0
transient-static,210914.946347036,713205.701113527,36.7483967672316,18.7498335918079,23.5,13,10.5,33.5,-794.75,410.25,11,10.5,5.5,2.5
transient-mobile,209175.151074745,708674.724873699,34.9999989166078,17.7499994839039,23.5,13,10.5,269.826923076923,28.5,524,11,13,6.5,0
