,TotalKb,TotalPackets,InSatisfiedInterests,OutSatisfiedInterests,TotalNodes,TotalConsumers,TotalProducers,AverageAwarenessDistance,MinimumAwarenessDistance,MaximumAwarenessDistance,TotalInformed,TotalInformedBefore,TotalSafelyInformed,TotalInformedAfter
persistent-static,316560.981114123,1058321.48859864,40.7499999999702,14.7499999999885,23.5,13,10.5,611.307692307692,49,1047,13,13,11,0
persistent-mobile,387992.255309231,1307991.74308609,24.9999999211519,8.999999965184,23.5,13,10.5,470.096153846154,49.5,937,13,13,9.5,0
transient-static,363569.383289976,1221790.74094327,29.2499886079999,9.74999590399999,23.5,13,10.5,227.653846153846,-633.75,808,11,11,9,2
transient-mobile,387992.255309231,1307991.74308609,24.9999999211519,8.999999965184,23.5,13,10.5,470.096153846154,49.5,937,13,13,9.5,0
