,TotalKb,TotalPackets,InSatisfiedInterests,OutSatisfiedInterests,TotalNodes,TotalConsumers,TotalProducers,AverageAwarenessDistance,MinimumAwarenessDistance,MaximumAwarenessDistance,TotalInformed,TotalInformedBefore,TotalSafelyInformed,TotalInformedAfter
persistent-static,3655768.18895511,12152513.9764422,227.999999999833,92.4999999999606,111.5,72,39.5,898.625,49,1047,72,72,70,0
persistent-mobile,4621095.23498775,15468063.7395405,174.499999912959,63.9999999743999,111.5,72,39.5,1113.38888888889,57,1368,72,72,70,0
transient-static,4410205.5827447,14772982.5452907,176.499999999973,70.2499999999927,111.5,72,39.5,817.083333333333,-198,1047,70,70,67,2
transient-mobile,4621095.23498775,15468063.7395405,174.499999912959,63.9999999743999,111.5,72,39.5,1113.38888888889,57,1368,72,72,70,0
